{
    "get": {
        "want": 0.8848958611488342,
        "find": 0.8391008377075195,
        "receive": 0.661343514919281,
        "several": 0.5430203676223755,
        "give": 0.8241819739341736
    },
    "use": {
        "make": 0.7644385695457458,
        "utilize": 0.6067575216293335,
        "manipulate": 0.46094274520874023,
        "age": 0.43008801341056824,
        "lose": 0.46630704402923584
    }
}