{
    "get_wood": 0,
    "get_grass": 0,
    "get_iron": 0,
    "get_gold": 0,
    "get_gem": 0,
    "make0": 0,
    "make1": 0,
    "make2": 0
}

get 0.14433 0.43951 0.58324 -0.74477 -0.49797 0.086928 -0.29798 0.39964 0.14083 -0.36578 0.33322 0.47181 0.1996 0.18278 0.17176 -0.34297 0.04252 0.39309 -0.66272 0.62738 0.22845 0.44657 0.11174 -0.41396 0.079795 0.078823 -0.26135 -0.80966 0.52807 -0.47327 0.055901 0.85753 0.19722 0.30782 0.39039 0.31804 -0.53604 0.1835 0.081918 0.27753 -0.25792 -0.37158 -0.2215 -1.0916 -0.52179 0.12665 -0.48591 -0.26716 0.37119 -1.0525 -0.30202 -0.16279 -0.32528 0.95493 0.14915 -2.4934 0.27505 0.16308 1.8972 0.21172 0.10776 1.1318 -0.85962 0.060199 0.83713 0.030006 0.59344 0.42821 -0.13722 -0.49128 0.0043155 -0.51829 -0.059878 -0.58476 0.062621 0.31269 -0.52613 -0.35209 -0.49959 -0.13117 0.62349 -0.092936 -0.92224 -0.32487 -1.8286 -0.1284 0.50507 -0.034628 -0.79806 -0.49739 -0.096325 -0.17695 -0.036351 -0.75977 -0.49938 -0.20278 0.34232 0.50134 0.49536 0.4992
wood -0.79666 1.1252 -0.43328 -0.6689 0.14889 -0.87067 -0.43787 0.099779 0.035395 -0.40772 0.3367 -0.52815 0.54687 1.0568 0.17596 0.13667 0.45185 0.11786 0.13869 -0.23208 0.010826 0.026209 0.88128 -0.48635 0.62981 0.12894 -0.3138 -0.3853 -0.6765 0.56815 -0.24094 0.10788 0.0668 -0.19541 0.29856 0.50439 -0.3354 0.29556 0.77882 -0.0041233 -0.64306 -0.86128 -0.50517 -0.27659 -0.018769 0.15143 -0.78246 -0.44389 0.063319 -0.6556 0.238 -0.96747 -0.2311 0.52875 -0.083742 -1.7274 -0.54946 -0.034997 0.82293 0.02028 0.18396 0.77897 -0.11258 0.82544 0.38372 -0.83195 1.2863 0.53037 -0.40848 -0.94064 -0.32764 0.63747 0.59408 0.08634 0.80049 -0.024863 -0.14202 0.32599 -0.19237 0.81917 0.1135 0.36717 -0.31834 0.22184 0.39326 -0.14389 0.18837 -0.52897 0.2749 0.37827 0.044668 -1.6299 0.036218 0.78687 -0.57507 -0.72641 -0.62982 -0.50962 0.77714 -0.54894
grass -0.81353 0.94042 -0.24048 -0.13501 0.055678 0.33625 0.080209 -0.10148 -0.54776 -0.35365 0.073382 0.25868 0.19866 -0.14328 0.2507 0.42814 0.19498 0.53456 0.74241 0.057816 -0.31781 0.94359 0.8145 -0.082375 0.61658 0.72844 -0.32623 -1.3641 0.1232 0.53728 -0.51228 0.02459 1.0822 -0.22959 0.60385 0.55415 -0.96099 0.48033 0.002226 0.55913 -0.16365 -0.84681 0.074079 -0.62157 0.025967 -0.51621 -0.052462 -0.14177 -0.016123 -0.49719 -0.55345 -0.40371 0.50956 1.0276 -0.084 -1.1179 0.32257 0.49281 0.94876 0.20403 0.53883 0.83972 -0.068883 0.31361 1.045 -0.22669 -0.089601 -0.64271 0.64429 -1.1001 -0.0095814 0.26682 -0.32302 -0.60652 0.047915 -0.16637 0.85712 0.23355 0.25395 1.2546 0.54716 -0.19796 -0.71863 0.2076 -0.25875 -0.36499 0.083436 0.69317 0.15737 1.0931 0.091295 -1.3773 -0.2717 0.70708 0.1872 -0.33072 -0.28359 0.10296 1.2228 0.83741
iron -0.17778 0.74989 -0.26113 -0.19079 -0.073357 -1.5694 -0.85016 0.19476 -0.77281 0.23506 0.030718 -0.66824 0.43893 0.57455 -0.68953 -0.15056 0.53833 -0.747 -0.31969 -0.8589 0.9216 -0.11352 -0.57737 0.18474 1.0116 0.34413 -0.52116 0.045437 0.25224 -0.32198 0.76679 0.48722 0.45633 -0.95379 0.16158 -0.26295 0.10211 -0.28296 -0.10999 -0.09668 -0.32652 0.034604 -0.049314 -0.72253 0.33931 0.1194 -0.86955 0.3704 0.47203 -0.28599 -0.81464 0.034803 -0.12939 0.80947 -0.18319 -1.5129 -1.0594 -0.61188 1.1433 -0.10371 -0.17149 0.39518 -0.50196 1.15 0.74393 -0.35892 0.89574 0.035929 -0.28115 -0.71262 -0.15682 0.3424 0.94161 1.0424 0.16102 -0.26625 0.46667 -0.071008 -0.030389 0.43353 0.93655 0.40928 -0.29202 0.4479 -0.2955 0.12568 0.21895 -0.56152 0.11236 0.4257 -0.21138 -0.93203 -0.2892 0.88148 -0.27768 -0.90265 -0.34612 -1.1254 0.74217 -0.13397
gold 1.0973 1.012 -0.14817 -0.37712 0.90234 -1.3575 -0.75564 0.43839 -0.72804 -0.020871 0.52335 0.65344 0.13738 0.28226 -0.89092 0.1514 0.44066 -0.31187 -0.06712 -0.77579 0.51394 0.27259 -0.072653 0.8236 0.387 0.74173 0.3678 -0.7887 0.50277 -0.71229 -0.29837 -0.38393 -0.34844 -0.17547 1.0952 -0.64966 -0.45556 1.1303 -0.45454 -0.50909 0.38021 -1.1401 -0.0046239 -0.7787 0.37946 0.1291 0.16605 -0.48137 0.18734 -0.98927 -0.51947 0.66712 0.85261 1.0378 -0.39619 -2.3933 -0.55556 0.56217 1.3818 0.074218 -0.37195 0.68681 -0.18774 0.99639 -0.021744 -0.70036 0.9319 0.55946 0.53191 -0.5414 -0.43595 0.20642 -0.30445 1.2059 0.52865 0.55253 0.14114 -0.13952 -0.79823 -0.41339 0.51825 0.19968 0.12173 -0.46315 0.075658 -0.45113 -0.21962 -0.25494 0.94043 0.27797 -0.13122 0.010148 0.27794 0.22359 -0.77752 -0.37175 -1.1957 0.14649 -0.41658 0.13007
gem 0.048907 0.39224 0.4341 -0.1505 0.29302 -0.39591 -0.20861 0.61236 -0.0077947 -0.31845 -0.10109 -0.2187 0.36877 -0.14828 -0.77158 0.92998 0.87848 0.056774 0.48445 0.26299 0.44565 -0.32355 -0.38706 -0.41388 0.79441 0.58171 0.35317 0.064123 -0.41599 -0.73366 -0.27109 -0.48354 -0.062663 0.0066922 0.35648 -0.58032 -0.80844 0.09736 0.18275 -0.61516 0.36754 0.018059 -0.099435 -0.014273 -0.079602 0.023121 -0.19155 0.12485 0.0035118 0.061554 -0.84163 0.49004 0.5703 0.11075 -0.30735 -0.61206 -0.84459 0.027367 0.88713 0.16092 -0.43545 0.14583 -0.74714 0.40048 -0.086209 -0.54593 1.0966 -0.41496 0.5206 -0.26244 0.057783 0.25615 0.08516 0.27255 -0.11242 -0.25097 -0.25257 0.20245 -0.5213 -0.079847 0.11907 0.31824 0.2916 0.102 0.5325 0.38863 0.32729 -0.54974 -0.26714 -0.23004 0.19308 -0.036 -0.3827 -0.28827 -0.18289 0.16527 -0.33955 -0.57585 0.078678 0.040157

plank 0.0038297 0.58195 -0.71677 -1.0057 0.68619 -0.49378 -0.55599 -0.30713 0.50175 -0.1508 0.19877 0.50878 -0.37142 -0.023502 0.41484 0.36786 0.71764 -0.2376 -0.05339 -0.93757 0.72668 -0.034423 0.42172 0.36789 0.33939 -0.10137 -0.87416 -0.21414 -0.48304 0.5042 0.43651 0.21181 1.1941 0.4181 -0.012059 0.30953 -0.40237 -0.20205 0.3645 0.24774 -0.20007 0.077671 0.81392 0.12282 -0.71332 -0.050802 0.141 -0.44409 -0.7451 0.53525 0.40099 -0.38199 -0.55994 0.61137 -0.34993 -1.0395 0.5306 0.24648 0.27558 -0.12593 -0.072369 -0.86104 0.35298 0.17658 0.027019 0.046761 0.29161 -0.057451 -0.055779 -1.4077 -0.11712 0.028042 0.43761 -0.23848 -0.11553 -0.71719 -0.33564 0.60346 0.39786 -0.43238 -1.1619 0.12712 0.13719 0.32079 0.17228 0.51077 -0.16501 0.24738 -0.087205 0.21797 -0.17896 -1.0842 -0.60373 0.63325 0.15843 -0.55235 0.17518 0.13301 0.82847 0.77771
stick -0.66427 0.15282 -0.28952 -0.4068 -0.47366 0.27325 -0.23043 0.037409 -0.26979 -0.26096 -0.35249 0.34278 0.47503 0.66375 -0.52832 0.38653 -0.098481 0.2492 -0.2734 -0.55861 0.060329 0.5039 -0.53676 0.065989 0.32386 0.58923 -0.64517 -0.18343 0.0057235 0.27979 -0.0065456 1.2641 0.059991 0.15291 0.14531 -0.18799 0.23691 -0.25043 0.61436 -0.93436 -0.06877 -0.57045 0.40454 -0.41109 -1.3672 -0.30984 -0.3376 -0.090879 -0.66334 -0.66605 -0.0060951 0.093677 -0.42931 1.4003 0.014024 -1.6013 0.2068 0.328 1.0206 0.056575 0.58461 0.43984 -0.81142 0.43116 -0.017397 -0.013734 0.015865 0.4674 -0.61476 -0.55922 -0.09479 -0.18681 0.31859 0.024711 -0.071686 -0.25775 -0.37631 0.24698 0.40259 0.21237 0.091606 0.047436 -0.66112 -0.39738 -0.60419 -0.032114 0.19201 0.60808 0.027956 0.25101 -0.59602 0.22141 -0.59802 -0.55551 -0.5342 -1.0906 -0.41646 -0.22192 0.82413 0.24813