{"get_wood/get_wood": [0.14433, 0.43951, 0.58324, -0.74477, -0.49797, 0.086928, -0.29798, 0.39964, 0.14083, -0.36578, 0.33322, 0.47181, 0.1996, 0.18278, 0.17176, -0.34297, 0.04252, 0.39309, -0.66272, 0.62738, 0.22845, 0.44657, 0.11174, -0.41396, 0.079795, 0.078823, -0.26135, -0.80966, 0.52807, -0.47327, 0.055901, 0.85753, 0.19722, 0.30782, 0.39039, 0.31804, -0.53604, 0.1835, 0.081918, 0.27753, -0.25792, -0.37158, -0.2215, -1.0916, -0.52179, 0.12665, -0.48591, -0.26716, 0.37119, -1.0525, -0.30202, -0.16279, -0.32528, 0.95493, 0.14915, -2.4934, 0.27505, 0.16308, 1.8972, 0.21172, 0.10776, 1.1318, -0.85962, 0.060199, 0.83713, 0.030006, 0.59344, 0.42821, -0.13722, -0.49128, 0.0043155, -0.51829, -0.059878, -0.58476, 0.062621, 0.31269, -0.52613, -0.35209, -0.49959, -0.13117, 0.62349, -0.092936, -0.92224, -0.32487, -1.8286, -0.1284, 0.50507, -0.034628, -0.79806, -0.49739, -0.096325, -0.17695, -0.036351, -0.75977, -0.49938, -0.20278, 0.34232, 0.50134, 0.49536, 0.4992, 0.43951, 0.58324, -0.74477, -0.49797, 0.086928, -0.29798, 0.39964, 0.14083, -0.36578, 0.33322, 0.47181, 0.1996, 0.18278, 0.17176, -0.34297, 0.04252, 0.39309, -0.66272, 0.62738, 0.22845, 0.44657, 0.11174, -0.41396, 0.079795, 0.078823, -0.26135, -0.80966, 0.52807, -0.47327, 0.055901, 0.85753, 0.19722, 0.30782, 0.39039, 0.31804, -0.53604, 0.1835, 0.081918, 0.27753, -0.25792, -0.37158, -0.2215, -1.0916, -0.52179, 0.12665, -0.48591, -0.26716, 0.37119, -1.0525, -0.30202, -0.16279, -0.32528, 0.95493, 0.14915, -2.4934, 0.27505, 0.16308, 1.8972, 0.21172, 0.10776, 1.1318, -0.85962, 0.060199, 0.83713, 0.030006, 0.59344, 0.42821, -0.13722, -0.49128, 0.0043155, -0.51829, -0.059878, -0.58476, 0.062621, 0.31269, -0.52613, -0.35209, -0.49959, -0.13117, 0.62349, -0.092936, -0.92224, -0.32487, -1.8286, -0.1284, 0.50507, -0.034628, -0.79806, -0.49739, -0.096325, -0.17695, -0.036351, -0.75977, -0.49938, -0.20278, 0.34232, 0.50134, 0.49536, 0.4992, -0.79666], "get_grass/get_grass": [0.14433, 0.43951, 0.58324, -0.74477, -0.49797, 0.086928, -0.29798, 0.39964, 0.14083, -0.36578, 0.33322, 0.47181, 0.1996, 0.18278, 0.17176, -0.34297, 0.04252, 0.39309, -0.66272, 0.62738, 0.22845, 0.44657, 0.11174, -0.41396, 0.079795, 0.078823, -0.26135, -0.80966, 0.52807, -0.47327, 0.055901, 0.85753, 0.19722, 0.30782, 0.39039, 0.31804, -0.53604, 0.1835, 0.081918, 0.27753, -0.25792, -0.37158, -0.2215, -1.0916, -0.52179, 0.12665, -0.48591, -0.26716, 0.37119, -1.0525, -0.30202, -0.16279, -0.32528, 0.95493, 0.14915, -2.4934, 0.27505, 0.16308, 1.8972, 0.21172, 0.10776, 1.1318, -0.85962, 0.060199, 0.83713, 0.030006, 0.59344, 0.42821, -0.13722, -0.49128, 0.0043155, -0.51829, -0.059878, -0.58476, 0.062621, 0.31269, -0.52613, -0.35209, -0.49959, -0.13117, 0.62349, -0.092936, -0.92224, -0.32487, -1.8286, -0.1284, 0.50507, -0.034628, -0.79806, -0.49739, -0.096325, -0.17695, -0.036351, -0.75977, -0.49938, -0.20278, 0.34232, 0.50134, 0.49536, 0.4992, 0.43951, 0.58324, -0.74477, -0.49797, 0.086928, -0.29798, 0.39964, 0.14083, -0.36578, 0.33322, 0.47181, 0.1996, 0.18278, 0.17176, -0.34297, 0.04252, 0.39309, -0.66272, 0.62738, 0.22845, 0.44657, 0.11174, -0.41396, 0.079795, 0.078823, -0.26135, -0.80966, 0.52807, -0.47327, 0.055901, 0.85753, 0.19722, 0.30782, 0.39039, 0.31804, -0.53604, 0.1835, 0.081918, 0.27753, -0.25792, -0.37158, -0.2215, -1.0916, -0.52179, 0.12665, -0.48591, -0.26716, 0.37119, -1.0525, -0.30202, -0.16279, -0.32528, 0.95493, 0.14915, -2.4934, 0.27505, 0.16308, 1.8972, 0.21172, 0.10776, 1.1318, -0.85962, 0.060199, 0.83713, 0.030006, 0.59344, 0.42821, -0.13722, -0.49128, 0.0043155, -0.51829, -0.059878, -0.58476, 0.062621, 0.31269, -0.52613, -0.35209, -0.49959, -0.13117, 0.62349, -0.092936, -0.92224, -0.32487, -1.8286, -0.1284, 0.50507, -0.034628, -0.79806, -0.49739, -0.096325, -0.17695, -0.036351, -0.75977, -0.49938, -0.20278, 0.34232, 0.50134, 0.49536, 0.4992, -0.81353], "get_iron/get_iron": [0.14433, 0.43951, 0.58324, -0.74477, -0.49797, 0.086928, -0.29798, 0.39964, 0.14083, -0.36578, 0.33322, 0.47181, 0.1996, 0.18278, 0.17176, -0.34297, 0.04252, 0.39309, -0.66272, 0.62738, 0.22845, 0.44657, 0.11174, -0.41396, 0.079795, 0.078823, -0.26135, -0.80966, 0.52807, -0.47327, 0.055901, 0.85753, 0.19722, 0.30782, 0.39039, 0.31804, -0.53604, 0.1835, 0.081918, 0.27753, -0.25792, -0.37158, -0.2215, -1.0916, -0.52179, 0.12665, -0.48591, -0.26716, 0.37119, -1.0525, -0.30202, -0.16279, -0.32528, 0.95493, 0.14915, -2.4934, 0.27505, 0.16308, 1.8972, 0.21172, 0.10776, 1.1318, -0.85962, 0.060199, 0.83713, 0.030006, 0.59344, 0.42821, -0.13722, -0.49128, 0.0043155, -0.51829, -0.059878, -0.58476, 0.062621, 0.31269, -0.52613, -0.35209, -0.49959, -0.13117, 0.62349, -0.092936, -0.92224, -0.32487, -1.8286, -0.1284, 0.50507, -0.034628, -0.79806, -0.49739, -0.096325, -0.17695, -0.036351, -0.75977, -0.49938, -0.20278, 0.34232, 0.50134, 0.49536, 0.4992, 0.43951, 0.58324, -0.74477, -0.49797, 0.086928, -0.29798, 0.39964, 0.14083, -0.36578, 0.33322, 0.47181, 0.1996, 0.18278, 0.17176, -0.34297, 0.04252, 0.39309, -0.66272, 0.62738, 0.22845, 0.44657, 0.11174, -0.41396, 0.079795, 0.078823, -0.26135, -0.80966, 0.52807, -0.47327, 0.055901, 0.85753, 0.19722, 0.30782, 0.39039, 0.31804, -0.53604, 0.1835, 0.081918, 0.27753, -0.25792, -0.37158, -0.2215, -1.0916, -0.52179, 0.12665, -0.48591, -0.26716, 0.37119, -1.0525, -0.30202, -0.16279, -0.32528, 0.95493, 0.14915, -2.4934, 0.27505, 0.16308, 1.8972, 0.21172, 0.10776, 1.1318, -0.85962, 0.060199, 0.83713, 0.030006, 0.59344, 0.42821, -0.13722, -0.49128, 0.0043155, -0.51829, -0.059878, -0.58476, 0.062621, 0.31269, -0.52613, -0.35209, -0.49959, -0.13117, 0.62349, -0.092936, -0.92224, -0.32487, -1.8286, -0.1284, 0.50507, -0.034628, -0.79806, -0.49739, -0.096325, -0.17695, -0.036351, -0.75977, -0.49938, -0.20278, 0.34232, 0.50134, 0.49536, 0.4992, -0.17778], "get_gold/get_gold": [0.14433, 0.43951, 0.58324, -0.74477, -0.49797, 0.086928, -0.29798, 0.39964, 0.14083, -0.36578, 0.33322, 0.47181, 0.1996, 0.18278, 0.17176, -0.34297, 0.04252, 0.39309, -0.66272, 0.62738, 0.22845, 0.44657, 0.11174, -0.41396, 0.079795, 0.078823, -0.26135, -0.80966, 0.52807, -0.47327, 0.055901, 0.85753, 0.19722, 0.30782, 0.39039, 0.31804, -0.53604, 0.1835, 0.081918, 0.27753, -0.25792, -0.37158, -0.2215, -1.0916, -0.52179, 0.12665, -0.48591, -0.26716, 0.37119, -1.0525, -0.30202, -0.16279, -0.32528, 0.95493, 0.14915, -2.4934, 0.27505, 0.16308, 1.8972, 0.21172, 0.10776, 1.1318, -0.85962, 0.060199, 0.83713, 0.030006, 0.59344, 0.42821, -0.13722, -0.49128, 0.0043155, -0.51829, -0.059878, -0.58476, 0.062621, 0.31269, -0.52613, -0.35209, -0.49959, -0.13117, 0.62349, -0.092936, -0.92224, -0.32487, -1.8286, -0.1284, 0.50507, -0.034628, -0.79806, -0.49739, -0.096325, -0.17695, -0.036351, -0.75977, -0.49938, -0.20278, 0.34232, 0.50134, 0.49536, 0.4992, 0.43951, 0.58324, -0.74477, -0.49797, 0.086928, -0.29798, 0.39964, 0.14083, -0.36578, 0.33322, 0.47181, 0.1996, 0.18278, 0.17176, -0.34297, 0.04252, 0.39309, -0.66272, 0.62738, 0.22845, 0.44657, 0.11174, -0.41396, 0.079795, 0.078823, -0.26135, -0.80966, 0.52807, -0.47327, 0.055901, 0.85753, 0.19722, 0.30782, 0.39039, 0.31804, -0.53604, 0.1835, 0.081918, 0.27753, -0.25792, -0.37158, -0.2215, -1.0916, -0.52179, 0.12665, -0.48591, -0.26716, 0.37119, -1.0525, -0.30202, -0.16279, -0.32528, 0.95493, 0.14915, -2.4934, 0.27505, 0.16308, 1.8972, 0.21172, 0.10776, 1.1318, -0.85962, 0.060199, 0.83713, 0.030006, 0.59344, 0.42821, -0.13722, -0.49128, 0.0043155, -0.51829, -0.059878, -0.58476, 0.062621, 0.31269, -0.52613, -0.35209, -0.49959, -0.13117, 0.62349, -0.092936, -0.92224, -0.32487, -1.8286, -0.1284, 0.50507, -0.034628, -0.79806, -0.49739, -0.096325, -0.17695, -0.036351, -0.75977, -0.49938, -0.20278, 0.34232, 0.50134, 0.49536, 0.4992, 1.0973],