{
    "wood": {
        "stone": 0.7226637005805969,
        "timber": 0.6377842426300049,
        "tree": 0.5743002891540527,
        "capital": 0.12219923734664917
    },
    "grass": {
        "tree": 0.6922113299369812,
        "lawn": 0.6548655033111572,
        "bush": 0.28503331542015076,
        "its": 0.26706480979919434
    },
    "iron": {
        "steel": 0.7970492839813232,
        "metal": 0.7280355095863342,
        "largest": 0.3919639587402344
    },
    "gold": {
        "silver": 0.9329829216003418,
        "treasure": 0.4001480042934418,
        "metal": 0.4875178039073944,
        "taking": 0.46879756450653076
    },
    "gem": {
        "diamond": 0.6792885661125183,
        "jewel": 0.6415449976921082,
        "stone": 0.36518850922584534,
        "having": 0.10649067163467407
    },
    "toolshed": {
        "mudroom": 0.7265384197235107,
        "shed": -0.0655292198061943,
        "closet": 0.19638696312904358,
        "does": -0.34038594365119934
    },
    "workbench": {
        "screensaver": 0.5737448334693909,
        "workstation": 0.5650880932807922,
        "desk": 0.1569453924894333,
        "does": -0.09867121279239655
    },
    "factory": {
        "plant": 0.7068111300468445,
        "manufactory": 0.3201977014541626,
        "building": 0.6031693816184998,
        "bring": 0.3246283531188965
    }
}